key,value,timestamp,topic,partition,offset
b'BTC/EUR',"{""pair"": ""BTC/EUR"", ""price"": 96123.5, ""volume"": 0.26035266, ""timestamp"": ""2024-12-11T17:14:37.657847Z"", ""timestamp_ms"": 1733937277657}",1733937277703,trades,0,91867
b'BTC/EUR',"{""pair"": ""BTC/EUR"", ""price"": 96123.5, ""volume"": 0.00054104, ""timestamp"": ""2024-12-11T17:14:37.786741Z"", ""timestamp_ms"": 1733937277786}",1733937277772,trades,0,91868
b'BTC/USD',"{""pair"": ""BTC/USD"", ""price"": 100984.0, ""volume"": 0.00039376, ""timestamp"": ""2024-12-11T17:14:38.216136Z"", ""timestamp_ms"": 1733937278216}",1733937278203,trades,0,91869
b'BTC/USD',"{""pair"": ""BTC/USD"", ""price"": 100984.0, ""volume"": 0.001, ""timestamp"": ""2024-12-11T17:14:38.216136Z"", ""timestamp_ms"": 1733937278216}",1733937278204,trades,0,91870
b'BTC/USD',"{""pair"": ""BTC/USD"", ""price"": 100984.0, ""volume"": 0.06051888, ""timestamp"": ""2024-12-11T17:14:38.216136Z"", ""timestamp_ms"": 1733937278216}",1733937278204,trades,0,91871
b'BTC/USD',"{""pair"": ""BTC/USD"", ""price"": 100984.0, ""volume"": 0.14387344, ""timestamp"": ""2024-12-11T17:14:38.216136Z"", ""timestamp_ms"": 1733937278216}",1733937278204,trades,0,91872
b'BTC/EUR',"{""pair"": ""BTC/EUR"", ""price"": 96123.6, ""volume"": 0.00324721, ""timestamp"": ""2024-12-11T17:14:38.830289Z"", ""timestamp_ms"": 1733937278830}",1733937278817,trades,0,91873
b'ETH/EUR',"{""pair"": ""ETH/EUR"", ""price"": 3630.01, ""volume"": 0.14291952, ""timestamp"": ""2024-12-11T17:14:38.917269Z"", ""timestamp_ms"": 1733937278917}",1733937278905,trades,0,91874
b'ETH/EUR',"{""pair"": ""ETH/EUR"", ""price"": 3630.01, ""volume"": 0.00027141, ""timestamp"": ""2024-12-11T17:14:39.035074Z"", ""timestamp_ms"": 1733937279035}",1733937279022,trades,0,91875
b'ETH/USD',"{""pair"": ""ETH/USD"", ""price"": 3812.01, ""volume"": 1.69711881, ""timestamp"": ""2024-12-11T17:14:39.444260Z"", ""timestamp_ms"": 1733937279444}",1733937279441,trades,0,91876
b'BTC/USD',"{""pair"": ""BTC/USD"", ""price"": 100984.0, ""volume"": 0.00010179, ""timestamp"": ""2024-12-11T17:14:39.554038Z"", ""timestamp_ms"": 1733937279554}",1733937279543,trades,0,91877
b'BTC/EUR',"{""pair"": ""BTC/EUR"", ""price"": 96129.9, ""volume"": 0.00104026, ""timestamp"": ""2024-12-11T17:14:39.625970Z"", ""timestamp_ms"": 1733937279625}",1733937279615,trades,0,91878
b'ETH/EUR',"{""pair"": ""ETH/EUR"", ""price"": 3630.0, ""volume"": 0.083479, ""timestamp"": ""2024-12-11T17:14:41.241951Z"", ""timestamp_ms"": 1733937281241}",1733937281229,trades,0,91879
b'ETH/EUR',"{""pair"": ""ETH/EUR"", ""price"": 3630.0, ""volume"": 0.156161, ""timestamp"": ""2024-12-11T17:14:41.241951Z"", ""timestamp_ms"": 1733937281241}",1733937281230,trades,0,91880
b'BTC/EUR',"{""pair"": ""BTC/EUR"", ""price"": 96129.8, ""volume"": 0.26032691, ""timestamp"": ""2024-12-11T17:14:41.332395Z"", ""timestamp_ms"": 1733937281332}",1733937281320,trades,0,91881
b'BTC/EUR',"{""pair"": ""BTC/EUR"", ""price"": 96129.9, ""volume"": 0.00151509, ""timestamp"": ""2024-12-11T17:14:41.497451Z"", ""timestamp_ms"": 1733937281497}",1733937281482,trades,0,91882
b'BTC/EUR',"{""pair"": ""BTC/EUR"", ""price"": 96137.8, ""volume"": 0.01706434, ""timestamp"": ""2024-12-11T17:14:41.497451Z"", ""timestamp_ms"": 1733937281497}",1733937281483,trades,0,91883
b'BTC/EUR',"{""pair"": ""BTC/EUR"", ""price"": 96123.6, ""volume"": 0.9, ""timestamp"": ""2024-12-11T17:14:45.397882Z"", ""timestamp_ms"": 1733937285397}",1733937285384,trades,0,91884
b'BTC/EUR',"{""pair"": ""BTC/EUR"", ""price"": 96123.5, ""volume"": 0.0038, ""timestamp"": ""2024-12-11T17:14:45.397882Z"", ""timestamp_ms"": 1733937285397}",1733937285384,trades,0,91885
b'BTC/EUR',"{""pair"": ""BTC/EUR"", ""price"": 96123.3, ""volume"": 2.47638608, ""timestamp"": ""2024-12-11T17:14:45.397882Z"", ""timestamp_ms"": 1733937285397}",1733937285384,trades,0,91886
b'BTC/EUR',"{""pair"": ""BTC/EUR"", ""price"": 96122.6, ""volume"": 2.47640367, ""timestamp"": ""2024-12-11T17:14:45.397882Z"", ""timestamp_ms"": 1733937285397}",1733937285385,trades,0,91887
b'BTC/EUR',"{""pair"": ""BTC/EUR"", ""price"": 96120.9, ""volume"": 0.14341025, ""timestamp"": ""2024-12-11T17:14:45.397882Z"", ""timestamp_ms"": 1733937285397}",1733937285385,trades,0,91888
b'BTC/EUR',"{""pair"": ""BTC/EUR"", ""price"": 96120.1, ""volume"": 0.0013671, ""timestamp"": ""2024-12-11T17:14:45.719523Z"", ""timestamp_ms"": 1733937285719}",1733937285788,trades,0,91889
b'BTC/USD',"{""pair"": ""BTC/USD"", ""price"": 100983.9, ""volume"": 0.0005, ""timestamp"": ""2024-12-11T17:14:47.224180Z"", ""timestamp_ms"": 1733937287224}",1733937287229,trades,0,91890
b'BTC/USD',"{""pair"": ""BTC/USD"", ""price"": 100983.9, ""volume"": 0.00719429, ""timestamp"": ""2024-12-11T17:14:47.224180Z"", ""timestamp_ms"": 1733937287224}",1733937287230,trades,0,91891
b'BTC/EUR',"{""pair"": ""BTC/EUR"", ""price"": 96120.0, ""volume"": 0.0059, ""timestamp"": ""2024-12-11T17:14:47.459692Z"", ""timestamp_ms"": 1733937287459}",1733937287447,trades,0,91892
b'BTC/EUR',"{""pair"": ""BTC/EUR"", ""price"": 96120.0, ""volume"": 0.074, ""timestamp"": ""2024-12-11T17:14:47.459692Z"", ""timestamp_ms"": 1733937287459}",1733937287447,trades,0,91893
b'BTC/EUR',"{""pair"": ""BTC/EUR"", ""price"": 96115.4, ""volume"": 0.01971439, ""timestamp"": ""2024-12-11T17:14:47.459692Z"", ""timestamp_ms"": 1733937287459}",1733937287448,trades,0,91894
b'BTC/EUR',"{""pair"": ""BTC/EUR"", ""price"": 96115.4, ""volume"": 0.1607719, ""timestamp"": ""2024-12-11T17:14:47.459692Z"", ""timestamp_ms"": 1733937287459}",1733937287448,trades,0,91895
b'BTC/EUR',"{""pair"": ""BTC/EUR"", ""price"": 96115.4, ""volume"": 0.00201918, ""timestamp"": ""2024-12-11T17:14:47.731851Z"", ""timestamp_ms"": 1733937287731}",1733937287719,trades,0,91896
b'BTC/EUR',"{""pair"": ""BTC/EUR"", ""price"": 96124.9, ""volume"": 0.00772851, ""timestamp"": ""2024-12-11T17:14:47.731851Z"", ""timestamp_ms"": 1733937287731}",1733937287720,trades,0,91897
b'BTC/EUR',"{""pair"": ""BTC/EUR"", ""price"": 96116.9, ""volume"": 0.00121181, ""timestamp"": ""2024-12-11T17:14:48.503617Z"", ""timestamp_ms"": 1733937288503}",1733937288493,trades,0,91898
b'BTC/USD',"{""pair"": ""BTC/USD"", ""price"": 100984.0, ""volume"": 0.00021602, ""timestamp"": ""2024-12-11T17:14:50.490315Z"", ""timestamp_ms"": 1733937290490}",1733937290474,trades,0,91899
b'ETH/EUR',"{""pair"": ""ETH/EUR"", ""price"": 3630.01, ""volume"": 0.01283187, ""timestamp"": ""2024-12-11T17:14:51.689448Z"", ""timestamp_ms"": 1733937291689}",1733937291676,trades,0,91900
b'ETH/EUR',"{""pair"": ""ETH/EUR"", ""price"": 3630.01, ""volume"": 0.01234894, ""timestamp"": ""2024-12-11T17:14:51.770711Z"", ""timestamp_ms"": 1733937291770}",1733937291754,trades,0,91901
b'BTC/EUR',"{""pair"": ""BTC/EUR"", ""price"": 96113.3, ""volume"": 0.02054002, ""timestamp"": ""2024-12-11T17:14:52.067864Z"", ""timestamp_ms"": 1733937292067}",1733937292056,trades,0,91902
b'BTC/EUR',"{""pair"": ""BTC/EUR"", ""price"": 96112.6, ""volume"": 0.01063254, ""timestamp"": ""2024-12-11T17:14:52.067864Z"", ""timestamp_ms"": 1733937292067}",1733937292057,trades,0,91903
b'BTC/EUR',"{""pair"": ""BTC/EUR"", ""price"": 96111.9, ""volume"": 0.22920613, ""timestamp"": ""2024-12-11T17:14:52.067864Z"", ""timestamp_ms"": 1733937292067}",1733937292058,trades,0,91904
b'BTC/USD',"{""pair"": ""BTC/USD"", ""price"": 100983.9, ""volume"": 0.00769429, ""timestamp"": ""2024-12-11T17:14:52.161783Z"", ""timestamp_ms"": 1733937292161}",1733937292152,trades,0,91905
b'ETH/EUR',"{""pair"": ""ETH/EUR"", ""price"": 3630.01, ""volume"": 0.04305247, ""timestamp"": ""2024-12-11T17:14:52.831352Z"", ""timestamp_ms"": 1733937292831}",1733937292854,trades,0,91906
b'BTC/USD',"{""pair"": ""BTC/USD"", ""price"": 100984.0, ""volume"": 9.052e-05, ""timestamp"": ""2024-12-11T17:14:53.599776Z"", ""timestamp_ms"": 1733937293599}",1733937293692,trades,0,91907
b'ETH/USD',"{""pair"": ""ETH/USD"", ""price"": 3811.47, ""volume"": 0.14064637, ""timestamp"": ""2024-12-11T17:14:54.591002Z"", ""timestamp_ms"": 1733937294591}",1733937294576,trades,0,91908
b'ETH/EUR',"{""pair"": ""ETH/EUR"", ""price"": 3630.0, ""volume"": 0.05184175, ""timestamp"": ""2024-12-11T17:14:55.473367Z"", ""timestamp_ms"": 1733937295473}",1733937295617,trades,0,91909
b'ETH/EUR',"{""pair"": ""ETH/EUR"", ""price"": 3630.0, ""volume"": 0.002, ""timestamp"": ""2024-12-11T17:14:55.473367Z"", ""timestamp_ms"": 1733937295473}",1733937295617,trades,0,91910
b'ETH/EUR',"{""pair"": ""ETH/EUR"", ""price"": 3630.0, ""volume"": 0.02415825, ""timestamp"": ""2024-12-11T17:14:55.473367Z"", ""timestamp_ms"": 1733937295473}",1733937295618,trades,0,91911
b'ETH/EUR',"{""pair"": ""ETH/EUR"", ""price"": 3630.0, ""volume"": 0.02232659, ""timestamp"": ""2024-12-11T17:14:55.617491Z"", ""timestamp_ms"": 1733937295617}",1733937295739,trades,0,91912
b'ETH/EUR',"{""pair"": ""ETH/EUR"", ""price"": 3629.99, ""volume"": 1.20209103, ""timestamp"": ""2024-12-11T17:14:55.617491Z"", ""timestamp_ms"": 1733937295617}",1733937295740,trades,0,91913
b'ETH/EUR',"{""pair"": ""ETH/EUR"", ""price"": 3629.99, ""volume"": 0.15750719, ""timestamp"": ""2024-12-11T17:14:55.748466Z"", ""timestamp_ms"": 1733937295748}",1733937295828,trades,0,91914
b'BTC/USD',"{""pair"": ""BTC/USD"", ""price"": 100984.0, ""volume"": 0.0002005, ""timestamp"": ""2024-12-11T17:14:55.943136Z"", ""timestamp_ms"": 1733937295943}",1733937295938,trades,0,91915
b'BTC/USD',"{""pair"": ""BTC/USD"", ""price"": 100984.0, ""volume"": 0.00195988, ""timestamp"": ""2024-12-11T17:14:55.975955Z"", ""timestamp_ms"": 1733937295975}",1733937295968,trades,0,91916
b'ETH/EUR',"{""pair"": ""ETH/EUR"", ""price"": 3629.99, ""volume"": 0.0892529, ""timestamp"": ""2024-12-11T17:14:56.455532Z"", ""timestamp_ms"": 1733937296455}",1733937296441,trades,0,91917
b'BTC/EUR',"{""pair"": ""BTC/EUR"", ""price"": 96111.2, ""volume"": 0.068, ""timestamp"": ""2024-12-11T17:14:57.713578Z"", ""timestamp_ms"": 1733937297713}",1733937297770,trades,0,91918
b'BTC/EUR',"{""pair"": ""BTC/EUR"", ""price"": 96111.1, ""volume"": 0.0038, ""timestamp"": ""2024-12-11T17:14:57.713578Z"", ""timestamp_ms"": 1733937297713}",1733937297771,trades,0,91919
b'BTC/EUR',"{""pair"": ""BTC/EUR"", ""price"": 96090.0, ""volume"": 0.18870187, ""timestamp"": ""2024-12-11T17:14:57.713578Z"", ""timestamp_ms"": 1733937297713}",1733937297771,trades,0,91920
b'BTC/EUR',"{""pair"": ""BTC/EUR"", ""price"": 96090.1, ""volume"": 0.00048589, ""timestamp"": ""2024-12-11T17:14:58.409080Z"", ""timestamp_ms"": 1733937298409}",1733937298477,trades,0,91921
b'ETH/EUR',"{""pair"": ""ETH/EUR"", ""price"": 3630.0, ""volume"": 0.2, ""timestamp"": ""2024-12-11T17:14:58.723079Z"", ""timestamp_ms"": 1733937298723}",1733937298708,trades,0,91922
b'ETH/USD',"{""pair"": ""ETH/USD"", ""price"": 3811.47, ""volume"": 0.12924432, ""timestamp"": ""2024-12-11T17:14:59.057436Z"", ""timestamp_ms"": 1733937299057}",1733937299043,trades,0,91923
b'ETH/EUR',"{""pair"": ""ETH/EUR"", ""price"": 3629.99, ""volume"": 2.20144308, ""timestamp"": ""2024-12-11T17:14:59.332013Z"", ""timestamp_ms"": 1733937299332}",1733937299321,trades,0,91924
b'ETH/EUR',"{""pair"": ""ETH/EUR"", ""price"": 3629.99, ""volume"": 0.37415692, ""timestamp"": ""2024-12-11T17:14:59.332013Z"", ""timestamp_ms"": 1733937299332}",1733937299322,trades,0,91925
b'ETH/EUR',"{""pair"": ""ETH/EUR"", ""price"": 3629.99, ""volume"": 0.03700999, ""timestamp"": ""2024-12-11T17:14:59.334590Z"", ""timestamp_ms"": 1733937299334}",1733937299322,trades,0,91926
b'ETH/EUR',"{""pair"": ""ETH/EUR"", ""price"": 3629.99, ""volume"": 0.94883309, ""timestamp"": ""2024-12-11T17:14:59.334820Z"", ""timestamp_ms"": 1733937299334}",1733937299323,trades,0,91927
b'ETH/EUR',"{""pair"": ""ETH/EUR"", ""price"": 3629.9, ""volume"": 0.00201, ""timestamp"": ""2024-12-11T17:14:59.334821Z"", ""timestamp_ms"": 1733937299334}",1733937299323,trades,0,91928
b'ETH/EUR',"{""pair"": ""ETH/EUR"", ""price"": 3629.8, ""volume"": 0.00201, ""timestamp"": ""2024-12-11T17:14:59.334821Z"", ""timestamp_ms"": 1733937299334}",1733937299324,trades,0,91929
b'ETH/EUR',"{""pair"": ""ETH/EUR"", ""price"": 3629.7, ""volume"": 0.00201, ""timestamp"": ""2024-12-11T17:14:59.334821Z"", ""timestamp_ms"": 1733937299334}",1733937299324,trades,0,91930
b'ETH/EUR',"{""pair"": ""ETH/EUR"", ""price"": 3629.6, ""volume"": 0.00201, ""timestamp"": ""2024-12-11T17:14:59.334821Z"", ""timestamp_ms"": 1733937299334}",1733937299324,trades,0,91931
b'ETH/EUR',"{""pair"": ""ETH/EUR"", ""price"": 3629.54, ""volume"": 0.01005, ""timestamp"": ""2024-12-11T17:14:59.337864Z"", ""timestamp_ms"": 1733937299337}",1733937299324,trades,0,91932
b'ETH/EUR',"{""pair"": ""ETH/EUR"", ""price"": 3629.54, ""volume"": 0.00201, ""timestamp"": ""2024-12-11T17:14:59.340369Z"", ""timestamp_ms"": 1733937299340}",1733937299326,trades,0,91933
b'ETH/EUR',"{""pair"": ""ETH/EUR"", ""price"": 3629.54, ""volume"": 0.00201, ""timestamp"": ""2024-12-11T17:14:59.343761Z"", ""timestamp_ms"": 1733937299343}",1733937299327,trades,0,91934
b'ETH/EUR',"{""pair"": ""ETH/EUR"", ""price"": 3629.54, ""volume"": 0.02092999, ""timestamp"": ""2024-12-11T17:14:59.372861Z"", ""timestamp_ms"": 1733937299372}",1733937299382,trades,0,91935
b'ETH/EUR',"{""pair"": ""ETH/EUR"", ""price"": 3629.5, ""volume"": 0.00201, ""timestamp"": ""2024-12-11T17:14:59.415477Z"", ""timestamp_ms"": 1733937299415}",1733937299430,trades,0,91936
b'ETH/EUR',"{""pair"": ""ETH/EUR"", ""price"": 3629.4, ""volume"": 0.00201, ""timestamp"": ""2024-12-11T17:14:59.415477Z"", ""timestamp_ms"": 1733937299415}",1733937299431,trades,0,91937
b'ETH/EUR',"{""pair"": ""ETH/EUR"", ""price"": 3629.3, ""volume"": 0.00201, ""timestamp"": ""2024-12-11T17:14:59.637531Z"", ""timestamp_ms"": 1733937299637}",1733937299626,trades,0,91938
b'ETH/EUR',"{""pair"": ""ETH/EUR"", ""price"": 3629.2, ""volume"": 0.00201, ""timestamp"": ""2024-12-11T17:15:01.404060Z"", ""timestamp_ms"": 1733937301404}",1733937301398,trades,0,91939
b'ETH/EUR',"{""pair"": ""ETH/EUR"", ""price"": 3629.1, ""volume"": 0.00201, ""timestamp"": ""2024-12-11T17:15:01.455770Z"", ""timestamp_ms"": 1733937301455}",1733937301495,trades,0,91940
b'BTC/USD',"{""pair"": ""BTC/USD"", ""price"": 100983.9, ""volume"": 0.00693069, ""timestamp"": ""2024-12-11T17:15:01.527002Z"", ""timestamp_ms"": 1733937301527}",1733937301591,trades,0,91941
b'ETH/EUR',"{""pair"": ""ETH/EUR"", ""price"": 3629.01, ""volume"": 0.01352091, ""timestamp"": ""2024-12-11T17:15:01.802905Z"", ""timestamp_ms"": 1733937301802}",1733937301804,trades,0,91942
b'ETH/USD',"{""pair"": ""ETH/USD"", ""price"": 3811.46, ""volume"": 0.02623666, ""timestamp"": ""2024-12-11T17:15:02.685052Z"", ""timestamp_ms"": 1733937302685}",1733937302669,trades,0,91943
b'ETH/EUR',"{""pair"": ""ETH/EUR"", ""price"": 3629.0, ""volume"": 0.00201, ""timestamp"": ""2024-12-11T17:15:02.686163Z"", ""timestamp_ms"": 1733937302686}",1733937302673,trades,0,91944
b'ETH/EUR',"{""pair"": ""ETH/EUR"", ""price"": 3628.9, ""volume"": 0.00201, ""timestamp"": ""2024-12-11T17:15:02.686163Z"", ""timestamp_ms"": 1733937302686}",1733937302674,trades,0,91945
b'ETH/EUR',"{""pair"": ""ETH/EUR"", ""price"": 3628.8, ""volume"": 0.00201, ""timestamp"": ""2024-12-11T17:15:02.686163Z"", ""timestamp_ms"": 1733937302686}",1733937302674,trades,0,91946
b'ETH/EUR',"{""pair"": ""ETH/EUR"", ""price"": 3628.7, ""volume"": 0.00201, ""timestamp"": ""2024-12-11T17:15:02.686163Z"", ""timestamp_ms"": 1733937302686}",1733937302674,trades,0,91947
b'ETH/EUR',"{""pair"": ""ETH/EUR"", ""price"": 3628.6, ""volume"": 0.00201, ""timestamp"": ""2024-12-11T17:15:02.686163Z"", ""timestamp_ms"": 1733937302686}",1733937302674,trades,0,91948
b'ETH/USD',"{""pair"": ""ETH/USD"", ""price"": 3810.01, ""volume"": 0.02152703, ""timestamp"": ""2024-12-11T17:15:02.988005Z"", ""timestamp_ms"": 1733937302988}",1733937302993,trades,0,91949
b'BTC/USD',"{""pair"": ""BTC/USD"", ""price"": 100983.9, ""volume"": 0.00665698, ""timestamp"": ""2024-12-11T17:15:03.342946Z"", ""timestamp_ms"": 1733937303342}",1733937303332,trades,0,91950
b'BTC/USD',"{""pair"": ""BTC/USD"", ""price"": 100984.0, ""volume"": 0.0058278, ""timestamp"": ""2024-12-11T17:15:03.366661Z"", ""timestamp_ms"": 1733937303366}",1733937303356,trades,0,91951
b'BTC/EUR',"{""pair"": ""BTC/EUR"", ""price"": 96090.1, ""volume"": 0.00097409, ""timestamp"": ""2024-12-11T17:15:03.420117Z"", ""timestamp_ms"": 1733937303420}",1733937303407,trades,0,91952
b'ETH/EUR',"{""pair"": ""ETH/EUR"", ""price"": 3628.5, ""volume"": 0.00201, ""timestamp"": ""2024-12-11T17:15:03.756457Z"", ""timestamp_ms"": 1733937303756}",1733937303811,trades,0,91953
b'BTC/USD',"{""pair"": ""BTC/USD"", ""price"": 100984.0, ""volume"": 0.00099026, ""timestamp"": ""2024-12-11T17:15:04.131610Z"", ""timestamp_ms"": 1733937304131}",1733937304118,trades,0,91954
b'ETH/EUR',"{""pair"": ""ETH/EUR"", ""price"": 3628.4, ""volume"": 0.00201, ""timestamp"": ""2024-12-11T17:15:04.468612Z"", ""timestamp_ms"": 1733937304468}",1733937304453,trades,0,91955
b'BTC/EUR',"{""pair"": ""BTC/EUR"", ""price"": 96090.1, ""volume"": 0.00160341, ""timestamp"": ""2024-12-11T17:15:05.441962Z"", ""timestamp_ms"": 1733937305441}",1733937305433,trades,0,91956
b'BTC/EUR',"{""pair"": ""BTC/EUR"", ""price"": 96090.1, ""volume"": 0.00271162, ""timestamp"": ""2024-12-11T17:15:05.722313Z"", ""timestamp_ms"": 1733937305722}",1733937305757,trades,0,91957
b'ETH/EUR',"{""pair"": ""ETH/EUR"", ""price"": 3628.3, ""volume"": 0.00201, ""timestamp"": ""2024-12-11T17:15:06.316783Z"", ""timestamp_ms"": 1733937306316}",1733937306301,trades,0,91958
b'ETH/EUR',"{""pair"": ""ETH/EUR"", ""price"": 3628.2, ""volume"": 0.00201, ""timestamp"": ""2024-12-11T17:15:06.934539Z"", ""timestamp_ms"": 1733937306934}",1733937306929,trades,0,91959
b'ETH/EUR',"{""pair"": ""ETH/EUR"", ""price"": 3628.1, ""volume"": 0.00201, ""timestamp"": ""2024-12-11T17:15:06.934539Z"", ""timestamp_ms"": 1733937306934}",1733937306930,trades,0,91960
b'ETH/EUR',"{""pair"": ""ETH/EUR"", ""price"": 3628.0, ""volume"": 0.00201, ""timestamp"": ""2024-12-11T17:15:06.934539Z"", ""timestamp_ms"": 1733937306934}",1733937306930,trades,0,91961
b'ETH/EUR',"{""pair"": ""ETH/EUR"", ""price"": 3627.9, ""volume"": 0.00201, ""timestamp"": ""2024-12-11T17:15:06.937837Z"", ""timestamp_ms"": 1733937306937}",1733937306931,trades,0,91962
b'BTC/EUR',"{""pair"": ""BTC/EUR"", ""price"": 96090.1, ""volume"": 0.00022499, ""timestamp"": ""2024-12-11T17:15:07.097141Z"", ""timestamp_ms"": 1733937307097}",1733937307091,trades,0,91963
b'BTC/EUR',"{""pair"": ""BTC/EUR"", ""price"": 96090.1, ""volume"": 0.00074193, ""timestamp"": ""2024-12-11T17:15:07.097141Z"", ""timestamp_ms"": 1733937307097}",1733937307091,trades,0,91964
b'BTC/EUR',"{""pair"": ""BTC/EUR"", ""price"": 96090.1, ""volume"": 0.00233551, ""timestamp"": ""2024-12-11T17:15:07.097141Z"", ""timestamp_ms"": 1733937307097}",1733937307092,trades,0,91965
b'ETH/EUR',"{""pair"": ""ETH/EUR"", ""price"": 3627.8, ""volume"": 0.00201, ""timestamp"": ""2024-12-11T17:15:07.593229Z"", ""timestamp_ms"": 1733937307593}",1733937307704,trades,0,91966
b'BTC/EUR',"{""pair"": ""BTC/EUR"", ""price"": 96090.1, ""volume"": 0.00051859, ""timestamp"": ""2024-12-11T17:15:07.771335Z"", ""timestamp_ms"": 1733937307771}",1733937307758,trades,0,91967
b'BTC/EUR',"{""pair"": ""BTC/EUR"", ""price"": 96090.0, ""volume"": 8.079e-05, ""timestamp"": ""2024-12-11T17:15:09.359588Z"", ""timestamp_ms"": 1733937309359}",1733937309441,trades,0,91968
b'BTC/USD',"{""pair"": ""BTC/USD"", ""price"": 100983.9, ""volume"": 0.00050672, ""timestamp"": ""2024-12-11T17:15:09.669550Z"", ""timestamp_ms"": 1733937309669}",1733937309654,trades,0,91969
b'BTC/USD',"{""pair"": ""BTC/USD"", ""price"": 100983.9, ""volume"": 0.05518886, ""timestamp"": ""2024-12-11T17:15:09.856590Z"", ""timestamp_ms"": 1733937309856}",1733937309847,trades,0,91970
b'BTC/USD',"{""pair"": ""BTC/USD"", ""price"": 100983.9, ""volume"": 0.0005, ""timestamp"": ""2024-12-11T17:15:09.856590Z"", ""timestamp_ms"": 1733937309856}",1733937309848,trades,0,91971
b'BTC/USD',"{""pair"": ""BTC/USD"", ""price"": 100983.9, ""volume"": 0.0005, ""timestamp"": ""2024-12-11T17:15:09.856590Z"", ""timestamp_ms"": 1733937309856}",1733937309848,trades,0,91972
b'BTC/USD',"{""pair"": ""BTC/USD"", ""price"": 100983.9, ""volume"": 0.0005, ""timestamp"": ""2024-12-11T17:15:09.856590Z"", ""timestamp_ms"": 1733937309856}",1733937309849,trades,0,91973
b'ETH/EUR',"{""pair"": ""ETH/EUR"", ""price"": 3627.7, ""volume"": 0.00201, ""timestamp"": ""2024-12-11T17:15:10.857077Z"", ""timestamp_ms"": 1733937310857}",1733937310877,trades,0,91974
b'ETH/EUR',"{""pair"": ""ETH/EUR"", ""price"": 3627.6, ""volume"": 0.00201, ""timestamp"": ""2024-12-11T17:15:10.857077Z"", ""timestamp_ms"": 1733937310857}",1733937310877,trades,0,91975
b'ETH/EUR',"{""pair"": ""ETH/EUR"", ""price"": 3627.5, ""volume"": 0.00201, ""timestamp"": ""2024-12-11T17:15:10.857077Z"", ""timestamp_ms"": 1733937310857}",1733937310877,trades,0,91976
b'ETH/USD',"{""pair"": ""ETH/USD"", ""price"": 3810.01, ""volume"": 0.01335958, ""timestamp"": ""2024-12-11T17:15:11.319249Z"", ""timestamp_ms"": 1733937311319}",1733937311304,trades,0,91977
b'ETH/USD',"{""pair"": ""ETH/USD"", ""price"": 3810.01, ""volume"": 0.01965244, ""timestamp"": ""2024-12-11T17:15:11.581481Z"", ""timestamp_ms"": 1733937311581}",1733937311610,trades,0,91978
b'ETH/USD',"{""pair"": ""ETH/USD"", ""price"": 3810.01, ""volume"": 0.00262467, ""timestamp"": ""2024-12-11T17:15:11.657105Z"", ""timestamp_ms"": 1733937311657}",1733937312004,trades,0,91979
b'ETH/USD',"{""pair"": ""ETH/USD"", ""price"": 3810.01, ""volume"": 0.00382532, ""timestamp"": ""2024-12-11T17:15:11.678080Z"", ""timestamp_ms"": 1733937311678}",1733937312005,trades,0,91980
b'BTC/USD',"{""pair"": ""BTC/USD"", ""price"": 100980.0, ""volume"": 0.000512, ""timestamp"": ""2024-12-11T17:15:12.299637Z"", ""timestamp_ms"": 1733937312299}",1733937312423,trades,0,91981
b'BTC/USD',"{""pair"": ""BTC/USD"", ""price"": 100979.9, ""volume"": 0.000612, ""timestamp"": ""2024-12-11T17:15:12.299637Z"", ""timestamp_ms"": 1733937312299}",1733937312425,trades,0,91982
b'ETH/USD',"{""pair"": ""ETH/USD"", ""price"": 3810.01, ""volume"": 0.00285564, ""timestamp"": ""2024-12-11T17:15:12.355290Z"", ""timestamp_ms"": 1733937312355}",1733937312425,trades,0,91983
b'ETH/EUR',"{""pair"": ""ETH/EUR"", ""price"": 3627.4, ""volume"": 0.00201, ""timestamp"": ""2024-12-11T17:15:12.367676Z"", ""timestamp_ms"": 1733937312367}",1733937312426,trades,0,91984
b'ETH/USD',"{""pair"": ""ETH/USD"", ""price"": 3810.01, ""volume"": 0.002, ""timestamp"": ""2024-12-11T17:15:12.394603Z"", ""timestamp_ms"": 1733937312394}",1733937312426,trades,0,91985
b'ETH/USD',"{""pair"": ""ETH/USD"", ""price"": 3810.01, ""volume"": 0.00295163, ""timestamp"": ""2024-12-11T17:15:12.432010Z"", ""timestamp_ms"": 1733937312432}",1733937312435,trades,0,91986
b'ETH/USD',"{""pair"": ""ETH/USD"", ""price"": 3810.01, ""volume"": 0.00301479, ""timestamp"": ""2024-12-11T17:15:12.660665Z"", ""timestamp_ms"": 1733937312660}",1733937312651,trades,0,91987
b'ETH/USD',"{""pair"": ""ETH/USD"", ""price"": 3810.01, ""volume"": 0.00223889, ""timestamp"": ""2024-12-11T17:15:12.695331Z"", ""timestamp_ms"": 1733937312695}",1733937312679,trades,0,91988
b'ETH/USD',"{""pair"": ""ETH/USD"", ""price"": 3810.01, ""volume"": 0.002, ""timestamp"": ""2024-12-11T17:15:12.772645Z"", ""timestamp_ms"": 1733937312772}",1733937312768,trades,0,91989
b'ETH/USD',"{""pair"": ""ETH/USD"", ""price"": 3810.01, ""volume"": 0.00796849, ""timestamp"": ""2024-12-11T17:15:12.826041Z"", ""timestamp_ms"": 1733937312826}",1733937312810,trades,0,91990
b'ETH/USD',"{""pair"": ""ETH/USD"", ""price"": 3810.01, ""volume"": 0.01502621, ""timestamp"": ""2024-12-11T17:15:12.873899Z"", ""timestamp_ms"": 1733937312873}",1733937312861,trades,0,91991
b'ETH/USD',"{""pair"": ""ETH/USD"", ""price"": 3810.0, ""volume"": 0.1, ""timestamp"": ""2024-12-11T17:15:12.885564Z"", ""timestamp_ms"": 1733937312885}",1733937312873,trades,0,91992
b'ETH/EUR',"{""pair"": ""ETH/EUR"", ""price"": 3627.3, ""volume"": 0.00201, ""timestamp"": ""2024-12-11T17:15:12.885954Z"", ""timestamp_ms"": 1733937312885}",1733937312875,trades,0,91993
b'ETH/EUR',"{""pair"": ""ETH/EUR"", ""price"": 3627.2, ""volume"": 0.00201, ""timestamp"": ""2024-12-11T17:15:12.885954Z"", ""timestamp_ms"": 1733937312885}",1733937312875,trades,0,91994
b'ETH/EUR',"{""pair"": ""ETH/EUR"", ""price"": 3627.1, ""volume"": 0.00201, ""timestamp"": ""2024-12-11T17:15:12.885954Z"", ""timestamp_ms"": 1733937312885}",1733937312875,trades,0,91995
b'ETH/USD',"{""pair"": ""ETH/USD"", ""price"": 3810.01, ""volume"": 0.002, ""timestamp"": ""2024-12-11T17:15:12.887846Z"", ""timestamp_ms"": 1733937312887}",1733937312876,trades,0,91996
b'ETH/USD',"{""pair"": ""ETH/USD"", ""price"": 3807.19, ""volume"": 0.002, ""timestamp"": ""2024-12-11T17:15:12.971584Z"", ""timestamp_ms"": 1733937312971}",1733937312959,trades,0,91997
b'ETH/USD',"{""pair"": ""ETH/USD"", ""price"": 3807.19, ""volume"": 0.00480318, ""timestamp"": ""2024-12-11T17:15:12.990338Z"", ""timestamp_ms"": 1733937312990}",1733937312988,trades,0,91998
b'ETH/USD',"{""pair"": ""ETH/USD"", ""price"": 3807.17, ""volume"": 0.01244154, ""timestamp"": ""2024-12-11T17:15:13.102965Z"", ""timestamp_ms"": 1733937313102}",1733937313101,trades,0,91999
b'ETH/USD',"{""pair"": ""ETH/USD"", ""price"": 3807.17, ""volume"": 0.00495502, ""timestamp"": ""2024-12-11T17:15:13.115176Z"", ""timestamp_ms"": 1733937313115}",1733937313102,trades,0,92000
b'ETH/USD',"{""pair"": ""ETH/USD"", ""price"": 3807.17, ""volume"": 0.002, ""timestamp"": ""2024-12-11T17:15:13.121009Z"", ""timestamp_ms"": 1733937313121}",1733937313107,trades,0,92001
b'ETH/USD',"{""pair"": ""ETH/USD"", ""price"": 3807.17, ""volume"": 0.002, ""timestamp"": ""2024-12-11T17:15:13.128986Z"", ""timestamp_ms"": 1733937313128}",1733937313113,trades,0,92002
b'ETH/USD',"{""pair"": ""ETH/USD"", ""price"": 3807.17, ""volume"": 0.03759833, ""timestamp"": ""2024-12-11T17:15:13.137962Z"", ""timestamp_ms"": 1733937313137}",1733937313123,trades,0,92003
b'ETH/USD',"{""pair"": ""ETH/USD"", ""price"": 3807.17, ""volume"": 0.00832716, ""timestamp"": ""2024-12-11T17:15:13.234068Z"", ""timestamp_ms"": 1733937313234}",1733937313220,trades,0,92004
b'ETH/USD',"{""pair"": ""ETH/USD"", ""price"": 3807.17, ""volume"": 0.0057464, ""timestamp"": ""2024-12-11T17:15:13.235921Z"", ""timestamp_ms"": 1733937313235}",1733937313222,trades,0,92005
b'ETH/USD',"{""pair"": ""ETH/USD"", ""price"": 3807.07, ""volume"": 0.002, ""timestamp"": ""2024-12-11T17:15:13.374555Z"", ""timestamp_ms"": 1733937313374}",1733937313362,trades,0,92006
b'BTC/USD',"{""pair"": ""BTC/USD"", ""price"": 100977.1, ""volume"": 0.0005, ""timestamp"": ""2024-12-11T17:15:13.397523Z"", ""timestamp_ms"": 1733937313397}",1733937313388,trades,0,92007
b'BTC/USD',"{""pair"": ""BTC/USD"", ""price"": 100977.0, ""volume"": 0.0005, ""timestamp"": ""2024-12-11T17:15:13.397523Z"", ""timestamp_ms"": 1733937313397}",1733937313388,trades,0,92008
b'BTC/USD',"{""pair"": ""BTC/USD"", ""price"": 100974.8, ""volume"": 0.000812, ""timestamp"": ""2024-12-11T17:15:13.410736Z"", ""timestamp_ms"": 1733937313410}",1733937313402,trades,0,92009
b'ETH/EUR',"{""pair"": ""ETH/EUR"", ""price"": 3627.0, ""volume"": 0.00201, ""timestamp"": ""2024-12-11T17:15:13.439785Z"", ""timestamp_ms"": 1733937313439}",1733937313442,trades,0,92010
b'BTC/USD',"{""pair"": ""BTC/USD"", ""price"": 100959.6, ""volume"": 0.00016651, ""timestamp"": ""2024-12-11T17:15:13.494002Z"", ""timestamp_ms"": 1733937313494}",1733937313488,trades,0,92011
b'BTC/EUR',"{""pair"": ""BTC/EUR"", ""price"": 96090.0, ""volume"": 0.018875, ""timestamp"": ""2024-12-11T17:15:13.613428Z"", ""timestamp_ms"": 1733937313613}",1733937313602,trades,0,92012
b'BTC/EUR',"{""pair"": ""BTC/EUR"", ""price"": 96090.0, ""volume"": 0.00115034, ""timestamp"": ""2024-12-11T17:15:16.196893Z"", ""timestamp_ms"": 1733937316196}",1733937316196,trades,0,92013
b'ETH/EUR',"{""pair"": ""ETH/EUR"", ""price"": 3626.9, ""volume"": 0.00201, ""timestamp"": ""2024-12-11T17:15:16.450686Z"", ""timestamp_ms"": 1733937316450}",1733937316487,trades,0,92014
b'ETH/EUR',"{""pair"": ""ETH/EUR"", ""price"": 3626.8, ""volume"": 0.00201, ""timestamp"": ""2024-12-11T17:15:16.450686Z"", ""timestamp_ms"": 1733937316450}",1733937316488,trades,0,92015
b'BTC/EUR',"{""pair"": ""BTC/EUR"", ""price"": 96090.0, ""volume"": 0.006392, ""timestamp"": ""2024-12-11T17:15:17.414869Z"", ""timestamp_ms"": 1733937317414}",1733937317404,trades,0,92016
b'ETH/EUR',"{""pair"": ""ETH/EUR"", ""price"": 3626.7, ""volume"": 0.00201, ""timestamp"": ""2024-12-11T17:15:17.906136Z"", ""timestamp_ms"": 1733937317906}",1733937317944,trades,0,92017
b'ETH/EUR',"{""pair"": ""ETH/EUR"", ""price"": 3626.6, ""volume"": 0.00201, ""timestamp"": ""2024-12-11T17:15:17.906136Z"", ""timestamp_ms"": 1733937317906}",1733937317945,trades,0,92018
b'ETH/EUR',"{""pair"": ""ETH/EUR"", ""price"": 3626.5, ""volume"": 0.00201, ""timestamp"": ""2024-12-11T17:15:17.906136Z"", ""timestamp_ms"": 1733937317906}",1733937317947,trades,0,92019
b'ETH/USD',"{""pair"": ""ETH/USD"", ""price"": 3807.18, ""volume"": 0.00427883, ""timestamp"": ""2024-12-11T17:15:18.599385Z"", ""timestamp_ms"": 1733937318599}",1733937318592,trades,0,92020
b'ETH/USD',"{""pair"": ""ETH/USD"", ""price"": 3807.18, ""volume"": 0.01098626, ""timestamp"": ""2024-12-11T17:15:18.599385Z"", ""timestamp_ms"": 1733937318599}",1733937318593,trades,0,92021
b'ETH/EUR',"{""pair"": ""ETH/EUR"", ""price"": 3626.4, ""volume"": 0.00201, ""timestamp"": ""2024-12-11T17:15:19.058444Z"", ""timestamp_ms"": 1733937319058}",1733937319054,trades,0,92022
b'ETH/EUR',"{""pair"": ""ETH/EUR"", ""price"": 3626.3, ""volume"": 0.00201, ""timestamp"": ""2024-12-11T17:15:19.058444Z"", ""timestamp_ms"": 1733937319058}",1733937319055,trades,0,92023
b'ETH/EUR',"{""pair"": ""ETH/EUR"", ""price"": 3626.2, ""volume"": 0.00201, ""timestamp"": ""2024-12-11T17:15:19.058444Z"", ""timestamp_ms"": 1733937319058}",1733937319055,trades,0,92024
b'ETH/EUR',"{""pair"": ""ETH/EUR"", ""price"": 3626.1, ""volume"": 0.00201, ""timestamp"": ""2024-12-11T17:15:19.058444Z"", ""timestamp_ms"": 1733937319058}",1733937319055,trades,0,92025
b'ETH/EUR',"{""pair"": ""ETH/EUR"", ""price"": 3626.0, ""volume"": 0.00201, ""timestamp"": ""2024-12-11T17:15:19.058444Z"", ""timestamp_ms"": 1733937319058}",1733937319055,trades,0,92026
b'ETH/EUR',"{""pair"": ""ETH/EUR"", ""price"": 3625.9, ""volume"": 0.00055179, ""timestamp"": ""2024-12-11T17:15:19.058444Z"", ""timestamp_ms"": 1733937319058}",1733937319055,trades,0,92027
b'ETH/EUR',"{""pair"": ""ETH/EUR"", ""price"": 3625.9, ""volume"": 0.00145821, ""timestamp"": ""2024-12-11T17:15:19.271324Z"", ""timestamp_ms"": 1733937319271}",1733937319261,trades,0,92028
b'ETH/EUR',"{""pair"": ""ETH/EUR"", ""price"": 3625.8, ""volume"": 0.00201, ""timestamp"": ""2024-12-11T17:15:19.273941Z"", ""timestamp_ms"": 1733937319273}",1733937319262,trades,0,92029
b'ETH/EUR',"{""pair"": ""ETH/EUR"", ""price"": 3625.7, ""volume"": 0.00201, ""timestamp"": ""2024-12-11T17:15:19.353810Z"", ""timestamp_ms"": 1733937319353}",1733937319354,trades,0,92030
b'BTC/USD',"{""pair"": ""BTC/USD"", ""price"": 100959.5, ""volume"": 0.000612, ""timestamp"": ""2024-12-11T17:15:19.617784Z"", ""timestamp_ms"": 1733937319617}",1733937319685,trades,0,92031
b'BTC/USD',"{""pair"": ""BTC/USD"", ""price"": 100959.4, ""volume"": 0.000712, ""timestamp"": ""2024-12-11T17:15:19.617784Z"", ""timestamp_ms"": 1733937319617}",1733937319687,trades,0,92032
b'BTC/USD',"{""pair"": ""BTC/USD"", ""price"": 100930.0, ""volume"": 0.0005, ""timestamp"": ""2024-12-11T17:15:19.617784Z"", ""timestamp_ms"": 1733937319617}",1733937319687,trades,0,92033
b'BTC/USD',"{""pair"": ""BTC/USD"", ""price"": 100930.0, ""volume"": 8.692e-05, ""timestamp"": ""2024-12-11T17:15:19.617784Z"", ""timestamp_ms"": 1733937319617}",1733937319687,trades,0,92034
b'BTC/USD',"{""pair"": ""BTC/USD"", ""price"": 100930.1, ""volume"": 0.00013261, ""timestamp"": ""2024-12-11T17:15:20.137457Z"", ""timestamp_ms"": 1733937320137}",1733937320304,trades,0,92035
b'BTC/USD',"{""pair"": ""BTC/USD"", ""price"": 100930.0, ""volume"": 0.00038535, ""timestamp"": ""2024-12-11T17:15:20.247495Z"", ""timestamp_ms"": 1733937320247}",1733937320314,trades,0,92036
b'BTC/EUR',"{""pair"": ""BTC/EUR"", ""price"": 96090.0, ""volume"": 5e-05, ""timestamp"": ""2024-12-11T17:15:20.593501Z"", ""timestamp_ms"": 1733937320593}",1733937320579,trades,0,92037
b'BTC/EUR',"{""pair"": ""BTC/EUR"", ""price"": 96090.1, ""volume"": 0.00337832, ""timestamp"": ""2024-12-11T17:15:20.756948Z"", ""timestamp_ms"": 1733937320756}",1733937320744,trades,0,92038
b'ETH/EUR',"{""pair"": ""ETH/EUR"", ""price"": 3625.6, ""volume"": 0.00201, ""timestamp"": ""2024-12-11T17:15:21.088404Z"", ""timestamp_ms"": 1733937321088}",1733937321075,trades,0,92039
b'ETH/EUR',"{""pair"": ""ETH/EUR"", ""price"": 3625.5, ""volume"": 0.00201, ""timestamp"": ""2024-12-11T17:15:21.088404Z"", ""timestamp_ms"": 1733937321088}",1733937321076,trades,0,92040
b'ETH/EUR',"{""pair"": ""ETH/EUR"", ""price"": 3625.4, ""volume"": 0.00201, ""timestamp"": ""2024-12-11T17:15:21.088404Z"", ""timestamp_ms"": 1733937321088}",1733937321076,trades,0,92041
b'ETH/EUR',"{""pair"": ""ETH/EUR"", ""price"": 3625.3, ""volume"": 0.00201, ""timestamp"": ""2024-12-11T17:15:21.088404Z"", ""timestamp_ms"": 1733937321088}",1733937321076,trades,0,92042
b'ETH/EUR',"{""pair"": ""ETH/EUR"", ""price"": 3625.2, ""volume"": 0.00201, ""timestamp"": ""2024-12-11T17:15:21.088404Z"", ""timestamp_ms"": 1733937321088}",1733937321076,trades,0,92043
b'ETH/EUR',"{""pair"": ""ETH/EUR"", ""price"": 3625.1, ""volume"": 0.00201, ""timestamp"": ""2024-12-11T17:15:21.088404Z"", ""timestamp_ms"": 1733937321088}",1733937321076,trades,0,92044
b'ETH/EUR',"{""pair"": ""ETH/EUR"", ""price"": 3625.0, ""volume"": 0.00201, ""timestamp"": ""2024-12-11T17:15:21.088404Z"", ""timestamp_ms"": 1733937321088}",1733937321076,trades,0,92045
b'ETH/EUR',"{""pair"": ""ETH/EUR"", ""price"": 3624.92, ""volume"": 0.00010552, ""timestamp"": ""2024-12-11T17:15:21.088405Z"", ""timestamp_ms"": 1733937321088}",1733937321076,trades,0,92046
b'BTC/EUR',"{""pair"": ""BTC/EUR"", ""price"": 96090.0, ""volume"": 0.02650743, ""timestamp"": ""2024-12-11T17:15:22.761506Z"", ""timestamp_ms"": 1733937322761}",1733937322856,trades,0,92047
b'BTC/EUR',"{""pair"": ""BTC/EUR"", ""price"": 96090.1, ""volume"": 0.01611231, ""timestamp"": ""2024-12-11T17:15:24.287299Z"", ""timestamp_ms"": 1733937324287}",1733937324292,trades,0,92048
b'ETH/EUR',"{""pair"": ""ETH/EUR"", ""price"": 3624.91, ""volume"": 0.51878029, ""timestamp"": ""2024-12-11T17:15:25.564371Z"", ""timestamp_ms"": 1733937325564}",1733937325549,trades,0,92049
b'ETH/EUR',"{""pair"": ""ETH/EUR"", ""price"": 3624.91, ""volume"": 0.06121971, ""timestamp"": ""2024-12-11T17:15:25.564371Z"", ""timestamp_ms"": 1733937325564}",1733937325549,trades,0,92050
b'ETH/EUR',"{""pair"": ""ETH/EUR"", ""price"": 3624.91, ""volume"": 0.02008754, ""timestamp"": ""2024-12-11T17:15:26.033987Z"", ""timestamp_ms"": 1733937326033}",1733937326038,trades,0,92051
b'BTC/EUR',"{""pair"": ""BTC/EUR"", ""price"": 96090.1, ""volume"": 0.01821207, ""timestamp"": ""2024-12-11T17:15:27.161091Z"", ""timestamp_ms"": 1733937327161}",1733937327153,trades,0,92052
b'ETH/EUR',"{""pair"": ""ETH/EUR"", ""price"": 3624.91, ""volume"": 0.08272667, ""timestamp"": ""2024-12-11T17:15:27.280650Z"", ""timestamp_ms"": 1733937327280}",1733937327267,trades,0,92053
b'BTC/EUR',"{""pair"": ""BTC/EUR"", ""price"": 96090.0, ""volume"": 1.2, ""timestamp"": ""2024-12-11T17:15:27.790391Z"", ""timestamp_ms"": 1733937327790}",1733937327876,trades,0,92054
b'BTC/EUR',"{""pair"": ""BTC/EUR"", ""price"": 96090.1, ""volume"": 0.00045147, ""timestamp"": ""2024-12-11T17:15:28.734679Z"", ""timestamp_ms"": 1733937328734}",1733937328720,trades,0,92055
b'ETH/USD',"{""pair"": ""ETH/USD"", ""price"": 3807.18, ""volume"": 0.02715284, ""timestamp"": ""2024-12-11T17:15:28.785734Z"", ""timestamp_ms"": 1733937328785}",1733937328772,trades,0,92056
b'BTC/EUR',"{""pair"": ""BTC/EUR"", ""price"": 96090.0, ""volume"": 0.05, ""timestamp"": ""2024-12-11T17:15:30.048270Z"", ""timestamp_ms"": 1733937330048}",1733937330048,trades,0,92057
b'ETH/EUR',"{""pair"": ""ETH/EUR"", ""price"": 3624.91, ""volume"": 0.03239676, ""timestamp"": ""2024-12-11T17:15:31.680103Z"", ""timestamp_ms"": 1733937331680}",1733937331670,trades,0,92058
b'BTC/EUR',"{""pair"": ""BTC/EUR"", ""price"": 96090.1, ""volume"": 0.00010407, ""timestamp"": ""2024-12-11T17:15:32.313293Z"", ""timestamp_ms"": 1733937332313}",1733937332302,trades,0,92059
b'ETH/EUR',"{""pair"": ""ETH/EUR"", ""price"": 3624.9, ""volume"": 0.00201, ""timestamp"": ""2024-12-11T17:15:33.001931Z"", ""timestamp_ms"": 1733937333001}",1733937333003,trades,0,92060
b'ETH/EUR',"{""pair"": ""ETH/EUR"", ""price"": 3624.8, ""volume"": 0.00201, ""timestamp"": ""2024-12-11T17:15:33.001931Z"", ""timestamp_ms"": 1733937333001}",1733937333004,trades,0,92061
b'ETH/EUR',"{""pair"": ""ETH/EUR"", ""price"": 3624.7, ""volume"": 0.00201, ""timestamp"": ""2024-12-11T17:15:33.001931Z"", ""timestamp_ms"": 1733937333001}",1733937333005,trades,0,92062
b'ETH/EUR',"{""pair"": ""ETH/EUR"", ""price"": 3624.6, ""volume"": 0.00201, ""timestamp"": ""2024-12-11T17:15:33.001931Z"", ""timestamp_ms"": 1733937333001}",1733937333005,trades,0,92063
b'ETH/EUR',"{""pair"": ""ETH/EUR"", ""price"": 3624.5, ""volume"": 0.00201, ""timestamp"": ""2024-12-11T17:15:33.001931Z"", ""timestamp_ms"": 1733937333001}",1733937333005,trades,0,92064
b'ETH/EUR',"{""pair"": ""ETH/EUR"", ""price"": 3624.4, ""volume"": 0.00201, ""timestamp"": ""2024-12-11T17:15:33.001931Z"", ""timestamp_ms"": 1733937333001}",1733937333006,trades,0,92065
b'ETH/EUR',"{""pair"": ""ETH/EUR"", ""price"": 3624.3, ""volume"": 0.00201, ""timestamp"": ""2024-12-11T17:15:33.001931Z"", ""timestamp_ms"": 1733937333001}",1733937333006,trades,0,92066
b'ETH/EUR',"{""pair"": ""ETH/EUR"", ""price"": 3624.27, ""volume"": 0.03499999, ""timestamp"": ""2024-12-11T17:15:33.001931Z"", ""timestamp_ms"": 1733937333001}",1733937333006,trades,0,92067
b'ETH/EUR',"{""pair"": ""ETH/EUR"", ""price"": 3624.2, ""volume"": 0.00201, ""timestamp"": ""2024-12-11T17:15:33.001931Z"", ""timestamp_ms"": 1733937333001}",1733937333007,trades,0,92068
b'ETH/EUR',"{""pair"": ""ETH/EUR"", ""price"": 3624.1, ""volume"": 0.00201, ""timestamp"": ""2024-12-11T17:15:33.001931Z"", ""timestamp_ms"": 1733937333001}",1733937333007,trades,0,92069
b'ETH/EUR',"{""pair"": ""ETH/EUR"", ""price"": 3624.0, ""volume"": 0.00201, ""timestamp"": ""2024-12-11T17:15:33.001931Z"", ""timestamp_ms"": 1733937333001}",1733937333007,trades,0,92070
b'ETH/EUR',"{""pair"": ""ETH/EUR"", ""price"": 3623.9, ""volume"": 0.00201, ""timestamp"": ""2024-12-11T17:15:33.001931Z"", ""timestamp_ms"": 1733937333001}",1733937333007,trades,0,92071
b'ETH/EUR',"{""pair"": ""ETH/EUR"", ""price"": 3623.8, ""volume"": 0.00201, ""timestamp"": ""2024-12-11T17:15:33.001931Z"", ""timestamp_ms"": 1733937333001}",1733937333007,trades,0,92072
b'ETH/EUR',"{""pair"": ""ETH/EUR"", ""price"": 3623.7, ""volume"": 0.00201, ""timestamp"": ""2024-12-11T17:15:33.001931Z"", ""timestamp_ms"": 1733937333001}",1733937333007,trades,0,92073
b'BTC/USD',"{""pair"": ""BTC/USD"", ""price"": 100930.0, ""volume"": 2.773e-05, ""timestamp"": ""2024-12-11T17:15:34.915257Z"", ""timestamp_ms"": 1733937334915}",1733937334902,trades,0,92074
b'BTC/USD',"{""pair"": ""BTC/USD"", ""price"": 100930.0, ""volume"": 0.0005, ""timestamp"": ""2024-12-11T17:15:34.915257Z"", ""timestamp_ms"": 1733937334915}",1733937334903,trades,0,92075
b'BTC/USD',"{""pair"": ""BTC/USD"", ""price"": 100930.0, ""volume"": 0.0005, ""timestamp"": ""2024-12-11T17:15:34.915257Z"", ""timestamp_ms"": 1733937334915}",1733937334903,trades,0,92076
b'BTC/USD',"{""pair"": ""BTC/USD"", ""price"": 100930.0, ""volume"": 0.0005, ""timestamp"": ""2024-12-11T17:15:34.915258Z"", ""timestamp_ms"": 1733937334915}",1733937334904,trades,0,92077
b'BTC/EUR',"{""pair"": ""BTC/EUR"", ""price"": 96090.0, ""volume"": 0.00824257, ""timestamp"": ""2024-12-11T17:15:34.943037Z"", ""timestamp_ms"": 1733937334943}",1733937334938,trades,0,92078
b'BTC/EUR',"{""pair"": ""BTC/EUR"", ""price"": 96088.0, ""volume"": 0.0038, ""timestamp"": ""2024-12-11T17:15:35.320743Z"", ""timestamp_ms"": 1733937335320}",1733937335315,trades,0,92079
b'BTC/EUR',"{""pair"": ""BTC/EUR"", ""price"": 96005.6, ""volume"": 0.00079059, ""timestamp"": ""2024-12-11T17:15:35.568546Z"", ""timestamp_ms"": 1733937335568}",1733937335558,trades,0,92080
b'BTC/EUR',"{""pair"": ""BTC/EUR"", ""price"": 96005.6, ""volume"": 0.00120941, ""timestamp"": ""2024-12-11T17:15:35.568546Z"", ""timestamp_ms"": 1733937335568}",1733937335559,trades,0,92081
b'BTC/USD',"{""pair"": ""BTC/USD"", ""price"": 100900.1, ""volume"": 0.00029881, ""timestamp"": ""2024-12-11T17:15:35.617786Z"", ""timestamp_ms"": 1733937335617}",1733937335605,trades,0,92082
b'BTC/USD',"{""pair"": ""BTC/USD"", ""price"": 100900.0, ""volume"": 0.00367533, ""timestamp"": ""2024-12-11T17:15:35.617786Z"", ""timestamp_ms"": 1733937335617}",1733937335607,trades,0,92083
b'BTC/EUR',"{""pair"": ""BTC/EUR"", ""price"": 96005.5, ""volume"": 7.5e-05, ""timestamp"": ""2024-12-11T17:15:35.617946Z"", ""timestamp_ms"": 1733937335617}",1733937335609,trades,0,92084
b'BTC/EUR',"{""pair"": ""BTC/EUR"", ""price"": 96005.5, ""volume"": 0.05615009, ""timestamp"": ""2024-12-11T17:15:35.617946Z"", ""timestamp_ms"": 1733937335617}",1733937335609,trades,0,92085
b'BTC/EUR',"{""pair"": ""BTC/EUR"", ""price"": 96005.5, ""volume"": 5e-05, ""timestamp"": ""2024-12-11T17:15:36.619459Z"", ""timestamp_ms"": 1733937336619}",1733937336605,trades,0,92086
b'BTC/EUR',"{""pair"": ""BTC/EUR"", ""price"": 96005.6, ""volume"": 0.00395823, ""timestamp"": ""2024-12-11T17:15:37.071092Z"", ""timestamp_ms"": 1733937337071}",1733937337080,trades,0,92087
b'BTC/EUR',"{""pair"": ""BTC/EUR"", ""price"": 96005.5, ""volume"": 5e-05, ""timestamp"": ""2024-12-11T17:15:38.622752Z"", ""timestamp_ms"": 1733937338622}",1733937338607,trades,0,92088
b'BTC/USD',"{""pair"": ""BTC/USD"", ""price"": 100900.1, ""volume"": 0.00017236, ""timestamp"": ""2024-12-11T17:15:39.119783Z"", ""timestamp_ms"": 1733937339119}",1733937339105,trades,0,92089
b'BTC/EUR',"{""pair"": ""BTC/EUR"", ""price"": 96005.5, ""volume"": 0.0002618, ""timestamp"": ""2024-12-11T17:15:39.442917Z"", ""timestamp_ms"": 1733937339442}",1733937339430,trades,0,92090
b'ETH/USD',"{""pair"": ""ETH/USD"", ""price"": 3807.17, ""volume"": 0.0103748, ""timestamp"": ""2024-12-11T17:15:40.009897Z"", ""timestamp_ms"": 1733937340009}",1733937340031,trades,0,92091
b'ETH/USD',"{""pair"": ""ETH/USD"", ""price"": 3807.17, ""volume"": 0.002, ""timestamp"": ""2024-12-11T17:15:40.009897Z"", ""timestamp_ms"": 1733937340009}",1733937340032,trades,0,92092
b'ETH/EUR',"{""pair"": ""ETH/EUR"", ""price"": 3623.61, ""volume"": 0.0128524, ""timestamp"": ""2024-12-11T17:15:40.760362Z"", ""timestamp_ms"": 1733937340760}",1733937340743,trades,0,92093
b'BTC/EUR',"{""pair"": ""BTC/EUR"", ""price"": 96005.5, ""volume"": 0.00032029, ""timestamp"": ""2024-12-11T17:15:42.584703Z"", ""timestamp_ms"": 1733937342584}",1733937342578,trades,0,92094
b'ETH/USD',"{""pair"": ""ETH/USD"", ""price"": 3806.64, ""volume"": 0.10256649, ""timestamp"": ""2024-12-11T17:15:42.815291Z"", ""timestamp_ms"": 1733937342815}",1733937342806,trades,0,92095
b'ETH/USD',"{""pair"": ""ETH/USD"", ""price"": 3803.65, ""volume"": 0.00846503, ""timestamp"": ""2024-12-11T17:15:42.815626Z"", ""timestamp_ms"": 1733937342815}",1733937342807,trades,0,92096
b'ETH/USD',"{""pair"": ""ETH/USD"", ""price"": 3803.64, ""volume"": 0.11153497, ""timestamp"": ""2024-12-11T17:15:42.815626Z"", ""timestamp_ms"": 1733937342815}",1733937342808,trades,0,92097
b'ETH/EUR',"{""pair"": ""ETH/EUR"", ""price"": 3623.6, ""volume"": 0.00201, ""timestamp"": ""2024-12-11T17:15:42.825815Z"", ""timestamp_ms"": 1733937342825}",1733937342817,trades,0,92098
b'ETH/EUR',"{""pair"": ""ETH/EUR"", ""price"": 3623.5, ""volume"": 0.00201, ""timestamp"": ""2024-12-11T17:15:42.907482Z"", ""timestamp_ms"": 1733937342907}",1733937342914,trades,0,92099
b'ETH/EUR',"{""pair"": ""ETH/EUR"", ""price"": 3623.4, ""volume"": 0.00201, ""timestamp"": ""2024-12-11T17:15:42.966850Z"", ""timestamp_ms"": 1733937342966}",1733937342982,trades,0,92100
b'ETH/EUR',"{""pair"": ""ETH/EUR"", ""price"": 3623.3, ""volume"": 0.00201, ""timestamp"": ""2024-12-11T17:15:43.010009Z"", ""timestamp_ms"": 1733937343010}",1733937343024,trades,0,92101
b'BTC/EUR',"{""pair"": ""BTC/EUR"", ""price"": 96005.5, ""volume"": 0.04736791, ""timestamp"": ""2024-12-11T17:15:43.216143Z"", ""timestamp_ms"": 1733937343216}",1733937343213,trades,0,92102
b'BTC/EUR',"{""pair"": ""BTC/EUR"", ""price"": 96005.5, ""volume"": 0.008, ""timestamp"": ""2024-12-11T17:15:43.216143Z"", ""timestamp_ms"": 1733937343216}",1733937343214,trades,0,92103
b'BTC/EUR',"{""pair"": ""BTC/EUR"", ""price"": 96005.5, ""volume"": 0.00205913, ""timestamp"": ""2024-12-11T17:15:43.216143Z"", ""timestamp_ms"": 1733937343216}",1733937343214,trades,0,92104
b'BTC/USD',"{""pair"": ""BTC/USD"", ""price"": 100900.0, ""volume"": 0.0951073, ""timestamp"": ""2024-12-11T17:15:43.319269Z"", ""timestamp_ms"": 1733937343319}",1733937343356,trades,0,92105
b'BTC/USD',"{""pair"": ""BTC/USD"", ""price"": 100900.0, ""volume"": 0.0005, ""timestamp"": ""2024-12-11T17:15:43.319269Z"", ""timestamp_ms"": 1733937343319}",1733937343360,trades,0,92106
b'BTC/USD',"{""pair"": ""BTC/USD"", ""price"": 100900.0, ""volume"": 0.0005, ""timestamp"": ""2024-12-11T17:15:43.319269Z"", ""timestamp_ms"": 1733937343319}",1733937343360,trades,0,92107
b'ETH/EUR',"{""pair"": ""ETH/EUR"", ""price"": 3623.2, ""volume"": 0.00201, ""timestamp"": ""2024-12-11T17:15:44.104767Z"", ""timestamp_ms"": 1733937344104}",1733937344094,trades,0,92108
b'ETH/EUR',"{""pair"": ""ETH/EUR"", ""price"": 3623.1, ""volume"": 0.00201, ""timestamp"": ""2024-12-11T17:15:44.104767Z"", ""timestamp_ms"": 1733937344104}",1733937344095,trades,0,92109
b'ETH/EUR',"{""pair"": ""ETH/EUR"", ""price"": 3623.0, ""volume"": 0.00201, ""timestamp"": ""2024-12-11T17:15:44.104767Z"", ""timestamp_ms"": 1733937344104}",1733937344095,trades,0,92110
b'ETH/EUR',"{""pair"": ""ETH/EUR"", ""price"": 3622.9, ""volume"": 0.00201, ""timestamp"": ""2024-12-11T17:15:44.807338Z"", ""timestamp_ms"": 1733937344807}",1733937344797,trades,0,92111
b'ETH/EUR',"{""pair"": ""ETH/EUR"", ""price"": 3622.8, ""volume"": 0.00201, ""timestamp"": ""2024-12-11T17:15:44.807338Z"", ""timestamp_ms"": 1733937344807}",1733937344797,trades,0,92112
b'BTC/EUR',"{""pair"": ""BTC/EUR"", ""price"": 96002.0, ""volume"": 0.00223496, ""timestamp"": ""2024-12-11T17:15:45.839406Z"", ""timestamp_ms"": 1733937345839}",1733937346001,trades,0,92113
b'ETH/EUR',"{""pair"": ""ETH/EUR"", ""price"": 3622.7, ""volume"": 0.00201, ""timestamp"": ""2024-12-11T17:15:45.942197Z"", ""timestamp_ms"": 1733937345942}",1733937346002,trades,0,92114
b'BTC/EUR',"{""pair"": ""BTC/EUR"", ""price"": 96002.1, ""volume"": 0.00035, ""timestamp"": ""2024-12-11T17:15:46.758875Z"", ""timestamp_ms"": 1733937346758}",1733937346744,trades,0,92115
b'ETH/EUR',"{""pair"": ""ETH/EUR"", ""price"": 3622.61, ""volume"": 0.004, ""timestamp"": ""2024-12-11T17:15:46.973942Z"", ""timestamp_ms"": 1733937346973}",1733937346958,trades,0,92116
b'BTC/USD',"{""pair"": ""BTC/USD"", ""price"": 100877.3, ""volume"": 0.00051292, ""timestamp"": ""2024-12-11T17:15:50.516734Z"", ""timestamp_ms"": 1733937350516}",1733937350501,trades,0,92117
b'ETH/EUR',"{""pair"": ""ETH/EUR"", ""price"": 3622.61, ""volume"": 0.01731623, ""timestamp"": ""2024-12-11T17:15:50.694735Z"", ""timestamp_ms"": 1733937350694}",1733937350683,trades,0,92118
b'BTC/USD',"{""pair"": ""BTC/USD"", ""price"": 100877.2, ""volume"": 0.00018377, ""timestamp"": ""2024-12-11T17:15:53.253815Z"", ""timestamp_ms"": 1733937353253}",1733937353241,trades,0,92119
b'BTC/EUR',"{""pair"": ""BTC/EUR"", ""price"": 96002.1, ""volume"": 0.0001, ""timestamp"": ""2024-12-11T17:15:54.240296Z"", ""timestamp_ms"": 1733937354240}",1733937354226,trades,0,92120
b'ETH/EUR',"{""pair"": ""ETH/EUR"", ""price"": 3622.6, ""volume"": 0.00201, ""timestamp"": ""2024-12-11T17:15:55.581249Z"", ""timestamp_ms"": 1733937355581}",1733937355567,trades,0,92121
b'ETH/EUR',"{""pair"": ""ETH/EUR"", ""price"": 3622.41, ""volume"": 0.12918789, ""timestamp"": ""2024-12-11T17:15:57.106677Z"", ""timestamp_ms"": 1733937357106}",1733937357094,trades,0,92122
b'BTC/USD',"{""pair"": ""BTC/USD"", ""price"": 100877.3, ""volume"": 9.151e-05, ""timestamp"": ""2024-12-11T17:15:57.461666Z"", ""timestamp_ms"": 1733937357461}",1733937357448,trades,0,92123
b'BTC/EUR',"{""pair"": ""BTC/EUR"", ""price"": 96002.1, ""volume"": 0.00010263, ""timestamp"": ""2024-12-11T17:15:58.044009Z"", ""timestamp_ms"": 1733937358044}",1733937358043,trades,0,92124
b'BTC/USD',"{""pair"": ""BTC/USD"", ""price"": 100877.2, ""volume"": 0.01881623, ""timestamp"": ""2024-12-11T17:15:58.936035Z"", ""timestamp_ms"": 1733937358936}",1733937358978,trades,0,92125
b'BTC/USD',"{""pair"": ""BTC/USD"", ""price"": 100877.2, ""volume"": 0.023, ""timestamp"": ""2024-12-11T17:15:58.936035Z"", ""timestamp_ms"": 1733937358936}",1733937358979,trades,0,92126
b'BTC/USD',"{""pair"": ""BTC/USD"", ""price"": 100877.2, ""volume"": 0.0005, ""timestamp"": ""2024-12-11T17:15:58.936035Z"", ""timestamp_ms"": 1733937358936}",1733937358980,trades,0,92127
b'BTC/USD',"{""pair"": ""BTC/USD"", ""price"": 100843.2, ""volume"": 0.00799451, ""timestamp"": ""2024-12-11T17:15:58.936035Z"", ""timestamp_ms"": 1733937358936}",1733937358980,trades,0,92128
b'BTC/USD',"{""pair"": ""BTC/USD"", ""price"": 100843.4, ""volume"": 0.00023036, ""timestamp"": ""2024-12-11T17:15:59.330717Z"", ""timestamp_ms"": 1733937359330}",1733937359315,trades,0,92129
b'BTC/USD',"{""pair"": ""BTC/USD"", ""price"": 100843.5, ""volume"": 0.00023716, ""timestamp"": ""2024-12-11T17:15:59.330717Z"", ""timestamp_ms"": 1733937359330}",1733937359317,trades,0,92130
b'ETH/USD',"{""pair"": ""ETH/USD"", ""price"": 3803.23, ""volume"": 0.26231, ""timestamp"": ""2024-12-11T17:15:59.754472Z"", ""timestamp_ms"": 1733937359754}",1733937359739,trades,0,92131
b'BTC/EUR',"{""pair"": ""BTC/EUR"", ""price"": 96002.1, ""volume"": 0.00059468, ""timestamp"": ""2024-12-11T17:16:01.223009Z"", ""timestamp_ms"": 1733937361223}",1733937361207,trades,0,92132
b'BTC/EUR',"{""pair"": ""BTC/EUR"", ""price"": 96002.1, ""volume"": 0.00627542, ""timestamp"": ""2024-12-11T17:16:01.223009Z"", ""timestamp_ms"": 1733937361223}",1733937361208,trades,0,92133
b'BTC/USD',"{""pair"": ""BTC/USD"", ""price"": 100843.5, ""volume"": 0.01376284, ""timestamp"": ""2024-12-11T17:16:02.210768Z"", ""timestamp_ms"": 1733937362210}",1733937362200,trades,0,92134
b'BTC/USD',"{""pair"": ""BTC/USD"", ""price"": 100843.5, ""volume"": 0.00022204, ""timestamp"": ""2024-12-11T17:16:02.210768Z"", ""timestamp_ms"": 1733937362210}",1733937362201,trades,0,92135
b'BTC/USD',"{""pair"": ""BTC/USD"", ""price"": 100851.1, ""volume"": 0.00088787, ""timestamp"": ""2024-12-11T17:16:02.210768Z"", ""timestamp_ms"": 1733937362210}",1733937362201,trades,0,92136
b'BTC/EUR',"{""pair"": ""BTC/EUR"", ""price"": 96002.1, ""volume"": 0.00654643, ""timestamp"": ""2024-12-11T17:16:03.143190Z"", ""timestamp_ms"": 1733937363143}",1733937363129,trades,0,92137
b'ETH/USD',"{""pair"": ""ETH/USD"", ""price"": 3804.28, ""volume"": 0.00051301, ""timestamp"": ""2024-12-11T17:16:03.624534Z"", ""timestamp_ms"": 1733937363624}",1733937363610,trades,0,92138
b'BTC/EUR',"{""pair"": ""BTC/EUR"", ""price"": 96002.0, ""volume"": 0.00096109, ""timestamp"": ""2024-12-11T17:16:05.034264Z"", ""timestamp_ms"": 1733937365034}",1733937365049,trades,0,92139
b'BTC/EUR',"{""pair"": ""BTC/EUR"", ""price"": 96002.0, ""volume"": 0.0001, ""timestamp"": ""2024-12-11T17:16:05.356116Z"", ""timestamp_ms"": 1733937365356}",1733937365342,trades,0,92140
b'BTC/EUR',"{""pair"": ""BTC/EUR"", ""price"": 96002.1, ""volume"": 0.00312494, ""timestamp"": ""2024-12-11T17:16:06.396589Z"", ""timestamp_ms"": 1733937366396}",1733937366386,trades,0,92141
b'BTC/USD',"{""pair"": ""BTC/USD"", ""price"": 100851.1, ""volume"": 0.00411213, ""timestamp"": ""2024-12-11T17:16:06.540529Z"", ""timestamp_ms"": 1733937366540}",1733937366531,trades,0,92142
b'BTC/USD',"{""pair"": ""BTC/USD"", ""price"": 100851.1, ""volume"": 0.001, ""timestamp"": ""2024-12-11T17:16:06.540529Z"", ""timestamp_ms"": 1733937366540}",1733937366532,trades,0,92143
b'BTC/USD',"{""pair"": ""BTC/USD"", ""price"": 100877.3, ""volume"": 0.0005, ""timestamp"": ""2024-12-11T17:16:06.540529Z"", ""timestamp_ms"": 1733937366540}",1733937366532,trades,0,92144
b'BTC/USD',"{""pair"": ""BTC/USD"", ""price"": 100900.0, ""volume"": 0.00022042, ""timestamp"": ""2024-12-11T17:16:06.540529Z"", ""timestamp_ms"": 1733937366540}",1733937366533,trades,0,92145
b'BTC/USD',"{""pair"": ""BTC/USD"", ""price"": 100900.1, ""volume"": 0.0005, ""timestamp"": ""2024-12-11T17:16:06.540529Z"", ""timestamp_ms"": 1733937366540}",1733937366533,trades,0,92146
b'BTC/USD',"{""pair"": ""BTC/USD"", ""price"": 100900.1, ""volume"": 0.0005, ""timestamp"": ""2024-12-11T17:16:06.540529Z"", ""timestamp_ms"": 1733937366540}",1733937366533,trades,0,92147
b'BTC/USD',"{""pair"": ""BTC/USD"", ""price"": 100900.2, ""volume"": 0.00297323, ""timestamp"": ""2024-12-11T17:16:06.540529Z"", ""timestamp_ms"": 1733937366540}",1733937366533,trades,0,92148
b'BTC/USD',"{""pair"": ""BTC/USD"", ""price"": 100909.3, ""volume"": 0.00453771, ""timestamp"": ""2024-12-11T17:16:06.540529Z"", ""timestamp_ms"": 1733937366540}",1733937366533,trades,0,92149
b'ETH/EUR',"{""pair"": ""ETH/EUR"", ""price"": 3622.48, ""volume"": 0.00986354, ""timestamp"": ""2024-12-11T17:16:16.956877Z"", ""timestamp_ms"": 1733937376956}",1733937376946,trades,0,92150
b'BTC/USD',"{""pair"": ""BTC/USD"", ""price"": 100893.8, ""volume"": 0.00016849, ""timestamp"": ""2024-12-11T17:16:17.896237Z"", ""timestamp_ms"": 1733937377896}",1733937377882,trades,0,92151
b'BTC/USD',"{""pair"": ""BTC/USD"", ""price"": 100893.8, ""volume"": 0.00018553, ""timestamp"": ""2024-12-11T17:16:19.554064Z"", ""timestamp_ms"": 1733937379554}",1733937379545,trades,0,92152
b'BTC/EUR',"{""pair"": ""BTC/EUR"", ""price"": 96002.1, ""volume"": 0.0307193, ""timestamp"": ""2024-12-11T17:16:19.811903Z"", ""timestamp_ms"": 1733937379811}",1733937379804,trades,0,92153
b'BTC/EUR',"{""pair"": ""BTC/EUR"", ""price"": 96002.1, ""volume"": 0.00244273, ""timestamp"": ""2024-12-11T17:16:20.569089Z"", ""timestamp_ms"": 1733937380569}",1733937380558,trades,0,92154
b'BTC/EUR',"{""pair"": ""BTC/EUR"", ""price"": 96002.1, ""volume"": 0.00283573, ""timestamp"": ""2024-12-11T17:16:22.252306Z"", ""timestamp_ms"": 1733937382252}",1733937382236,trades,0,92155
b'BTC/EUR',"{""pair"": ""BTC/EUR"", ""price"": 96002.1, ""volume"": 0.01800003, ""timestamp"": ""2024-12-11T17:16:22.255850Z"", ""timestamp_ms"": 1733937382255}",1733937382239,trades,0,92156
b'BTC/EUR',"{""pair"": ""BTC/EUR"", ""price"": 96002.1, ""volume"": 0.003792, ""timestamp"": ""2024-12-11T17:16:22.277176Z"", ""timestamp_ms"": 1733937382277}",1733937382259,trades,0,92157
b'BTC/EUR',"{""pair"": ""BTC/EUR"", ""price"": 96002.1, ""volume"": 0.02717, ""timestamp"": ""2024-12-11T17:16:22.436175Z"", ""timestamp_ms"": 1733937382436}",1733937382444,trades,0,92158
b'BTC/EUR',"{""pair"": ""BTC/EUR"", ""price"": 96002.1, ""volume"": 0.03071327, ""timestamp"": ""2024-12-11T17:16:22.448771Z"", ""timestamp_ms"": 1733937382448}",1733937382463,trades,0,92159
b'BTC/EUR',"{""pair"": ""BTC/EUR"", ""price"": 96002.1, ""volume"": 1.01743634, ""timestamp"": ""2024-12-11T17:16:22.456947Z"", ""timestamp_ms"": 1733937382456}",1733937382474,trades,0,92160
b'BTC/EUR',"{""pair"": ""BTC/EUR"", ""price"": 96002.1, ""volume"": 1.01743634, ""timestamp"": ""2024-12-11T17:16:22.459189Z"", ""timestamp_ms"": 1733937382459}",1733937382476,trades,0,92161
b'BTC/EUR',"{""pair"": ""BTC/EUR"", ""price"": 96002.1, ""volume"": 0.95557728, ""timestamp"": ""2024-12-11T17:16:22.462882Z"", ""timestamp_ms"": 1733937382462}",1733937382484,trades,0,92162
b'BTC/EUR',"{""pair"": ""BTC/EUR"", ""price"": 96002.1, ""volume"": 0.00274791, ""timestamp"": ""2024-12-11T17:16:22.462882Z"", ""timestamp_ms"": 1733937382462}",1733937382484,trades,0,92163
b'BTC/EUR',"{""pair"": ""BTC/EUR"", ""price"": 96002.1, ""volume"": 0.00011392, ""timestamp"": ""2024-12-11T17:16:22.462882Z"", ""timestamp_ms"": 1733937382462}",1733937382485,trades,0,92164
b'BTC/EUR',"{""pair"": ""BTC/EUR"", ""price"": 96002.1, ""volume"": 0.00627542, ""timestamp"": ""2024-12-11T17:16:22.462882Z"", ""timestamp_ms"": 1733937382462}",1733937382485,trades,0,92165
b'BTC/EUR',"{""pair"": ""BTC/EUR"", ""price"": 96002.1, ""volume"": 0.00967137, ""timestamp"": ""2024-12-11T17:16:22.462882Z"", ""timestamp_ms"": 1733937382462}",1733937382485,trades,0,92166
b'BTC/EUR',"{""pair"": ""BTC/EUR"", ""price"": 96002.1, ""volume"": 0.0307193, ""timestamp"": ""2024-12-11T17:16:22.462882Z"", ""timestamp_ms"": 1733937382462}",1733937382486,trades,0,92167
b'BTC/EUR',"{""pair"": ""BTC/EUR"", ""price"": 96005.5, ""volume"": 0.04755724, ""timestamp"": ""2024-12-11T17:16:22.465134Z"", ""timestamp_ms"": 1733937382465}",1733937382494,trades,0,92168
b'BTC/EUR',"{""pair"": ""BTC/EUR"", ""price"": 96005.5, ""volume"": 0.12818606, ""timestamp"": ""2024-12-11T17:16:22.473537Z"", ""timestamp_ms"": 1733937382473}",1733937382503,trades,0,92169
b'ETH/EUR',"{""pair"": ""ETH/EUR"", ""price"": 3623.61, ""volume"": 0.00241898, ""timestamp"": ""2024-12-11T17:16:22.975211Z"", ""timestamp_ms"": 1733937382975}",1733937382979,trades,0,92170
b'BTC/EUR',"{""pair"": ""BTC/EUR"", ""price"": 96090.0, ""volume"": 0.00121713, ""timestamp"": ""2024-12-11T17:16:24.136295Z"", ""timestamp_ms"": 1733937384136}",1733937384124,trades,0,92171
b'BTC/EUR',"{""pair"": ""BTC/EUR"", ""price"": 96090.0, ""volume"": 0.00063227, ""timestamp"": ""2024-12-11T17:16:24.136295Z"", ""timestamp_ms"": 1733937384136}",1733937384125,trades,0,92172
b'BTC/EUR',"{""pair"": ""BTC/EUR"", ""price"": 96096.7, ""volume"": 0.00053729, ""timestamp"": ""2024-12-11T17:16:24.136295Z"", ""timestamp_ms"": 1733937384136}",1733937384126,trades,0,92173
b'BTC/EUR',"{""pair"": ""BTC/EUR"", ""price"": 96096.8, ""volume"": 0.0083613, ""timestamp"": ""2024-12-11T17:16:24.136295Z"", ""timestamp_ms"": 1733937384136}",1733937384126,trades,0,92174
b'BTC/USD',"{""pair"": ""BTC/USD"", ""price"": 100893.8, ""volume"": 0.0002207, ""timestamp"": ""2024-12-11T17:16:25.631588Z"", ""timestamp_ms"": 1733937385631}",1733937385736,trades,0,92175
b'BTC/USD',"{""pair"": ""BTC/USD"", ""price"": 100893.8, ""volume"": 0.0001, ""timestamp"": ""2024-12-11T17:16:25.631588Z"", ""timestamp_ms"": 1733937385631}",1733937385738,trades,0,92176
b'BTC/USD',"{""pair"": ""BTC/USD"", ""price"": 100893.8, ""volume"": 0.001, ""timestamp"": ""2024-12-11T17:16:25.631588Z"", ""timestamp_ms"": 1733937385631}",1733937385738,trades,0,92177
b'BTC/USD',"{""pair"": ""BTC/USD"", ""price"": 100901.4, ""volume"": 0.00252525, ""timestamp"": ""2024-12-11T17:16:25.631588Z"", ""timestamp_ms"": 1733937385631}",1733937385738,trades,0,92178
b'BTC/USD',"{""pair"": ""BTC/USD"", ""price"": 100917.0, ""volume"": 0.00040182, ""timestamp"": ""2024-12-11T17:16:25.930217Z"", ""timestamp_ms"": 1733937385930}",1733937385940,trades,0,92179
b'BTC/EUR',"{""pair"": ""BTC/EUR"", ""price"": 96096.8, ""volume"": 0.00060025, ""timestamp"": ""2024-12-11T17:16:29.179332Z"", ""timestamp_ms"": 1733937389179}",1733937389162,trades,0,92180
b'BTC/EUR',"{""pair"": ""BTC/EUR"", ""price"": 96096.8, ""volume"": 0.00067319, ""timestamp"": ""2024-12-11T17:16:29.179332Z"", ""timestamp_ms"": 1733937389179}",1733937389162,trades,0,92181
b'ETH/USD',"{""pair"": ""ETH/USD"", ""price"": 3805.74, ""volume"": 0.06017822, ""timestamp"": ""2024-12-11T17:16:30.834973Z"", ""timestamp_ms"": 1733937390834}",1733937390855,trades,0,92182
b'ETH/EUR',"{""pair"": ""ETH/EUR"", ""price"": 3623.88, ""volume"": 0.0827842, ""timestamp"": ""2024-12-11T17:16:31.612197Z"", ""timestamp_ms"": 1733937391612}",1733937391672,trades,0,92183
